#{"t_start": 1519262076.8655603, "env_id": null}
r,l,t
-1592.433002,188,6.848924
-9591.091114,308,14.746383
-8915.469322,303,22.634805
4570.301693,265,30.377291
-6567.019525,266,38.090379
4619.752972,161,40.863266
34.668211,136,45.897922
-44.453287,137,48.586287
648.951969,83,51.231848
859.436114,120,53.909305
305.274775,328,62.41021
-1091.758293,199,67.640133
-506.035486,192,73.023278
-737.38431,92,75.612699
1854.927381,180,80.811635
-611.766742,179,86.130208
-2399.214373,229,91.534284
-2759.176961,165,96.775949
-2105.455409,152,99.631906
418.238339,142,105.009384
-1321.494013,177,110.755467
-3211.144451,181,113.599367
-1145.044618,164,118.81456
916.169248,156,124.027963
546.355629,81,124.220425
-663.759949,154,129.526375
1331.428025,163,134.928164
2780.844365,206,140.236807
462.661993,79,140.434174
3171.419415,192,145.779843
422.139949,78,148.381537
180.38862,57,150.924267
4442.513852,197,156.264996
1906.214002,120,158.979154
4208.877373,189,164.768457
1686.338916,123,167.539889
2221.710237,131,170.345622
-1317.222036,210,175.847697
5095.637992,207,181.47591
2458.715872,164,186.646622
4638.999725,162,191.795532
-45.389457,36,191.883271
1192.430673,126,194.588813
2364.600507,151,199.725693
1771.747497,193,204.915096
714.153064,291,212.675123
7.782335,34,212.764974
557.21043,192,218.653455
-7391.647413,273,226.497447
-400.99548,163,229.298098
2770.056281,180,234.559429
3823.681482,158,239.672414
1310.356366,134,242.46622
1203.890064,129,245.306736
495.20288,96,248.093021
1818.112431,148,253.398108
2554.51311,151,256.084881
3491.984641,168,261.139373
2784.801437,153,263.795347
-107.445518,171,268.921109
590.901,170,274.487476
-52.061925,149,277.239908
4437.468196,177,282.347419
3436.401587,177,287.46101
4648.904601,198,292.58563
1723.653823,157,295.304037
1306.400817,137,300.317626
2096.291156,130,302.968336
4125.47257,154,308.020704
3800.962213,165,310.765775
423.162788,139,315.769272
1556.892833,197,320.906289
2578.946308,201,326.401834
4715.041935,169,329.13289
4975.335098,178,334.249326
593.65572,89,336.801863
3691.46354,168,341.946211
150.818744,253,347.220237
893.113513,134,352.200202
4870.339973,219,357.409665
-59.092313,179,362.517997
4393.255052,187,365.318912
2740.533161,149,370.366239
2044.722878,141,373.080163
3890.016681,167,378.622238
-1749.05858,232,383.845379
3418.787706,194,388.997837
2151.977306,162,394.302371
3572.716226,222,399.521475
604.149931,231,404.732193
1066.963571,178,409.79089
-159.081693,89,412.32658
5355.766483,214,417.549749
-4353.671797,184,422.661742
1858.055548,128,425.306347
175.030083,54,428.233653
5046.038478,257,433.55579
3912.488657,189,438.704337
4034.798676,184,443.835044
-1199.39386,391,454.296301
215.189617,66,456.792247
1163.141369,170,459.586866
1171.622656,140,464.690304
3482.774664,170,469.825117
1302.112904,165,472.555939
385.881777,200,477.759
3865.028793,178,483.26725
4160.727347,252,488.511895
1444.209171,119,493.458711
3083.98046,161,496.134356
638.14758,186,501.226076
906.351697,129,503.859361
4156.920165,219,511.499246
155.122428,180,514.341624
4731.359008,155,519.398613
1324.231174,155,524.458731
1928.860698,157,527.300075
3522.818582,183,532.907163
2977.363435,177,538.019389
-7777.155968,309,545.792427
3545.251493,155,548.517076
-75.570477,96,551.079476
903.447068,103,553.717052
1501.78628,129,558.725842
-576.135768,173,561.485895
-582.485192,125,566.470361
1742.715004,135,569.144446
-1764.207703,137,571.829781
2958.950426,168,577.005461
-63.627803,46,577.117281
1191.476016,160,582.232705
-710.256691,207,587.93412
3614.894955,172,593.079962
3048.00808,213,598.366208
2921.43103,156,603.510007
301.208587,65,603.668789
3119.459348,151,608.850281
2184.796197,228,614.152477
3564.312024,162,619.308665
3250.160334,199,624.549972
1848.986225,132,627.216143
2830.829517,141,629.904375
2134.060689,146,635.017647
1940.240367,132,638.239628
3958.985786,179,643.49991
823.966546,105,646.129822
1596.527592,216,651.40892
2935.018476,165,656.59329
3007.315361,152,659.35564
4452.954559,173,664.490826
4175.809684,159,669.62728
0,1,669.63377
2653.50214,173,672.430336
-1176.864712,254,680.165178
4882.919326,247,685.507861
1586.421034,135,691.027333
3568.19496,179,693.831199
830.311831,124,698.883977
-373.747905,163,701.66942
-188.613974,117,704.314167
988.843835,100,706.939681
2013.540834,152,712.128401
3313.278523,164,717.362633
624.850944,142,720.136318
-6636.860012,416,730.836508
3339.838799,153,736.098454
2042.467829,231,741.542358
2783.784818,151,747.205888
2763.116801,159,750.042579
1928.5459,145,755.345283
666.500755,92,758.036451
4156.368878,170,760.895923
5223.837417,179,766.253302
1404.393671,128,769.071154
1064.522704,103,771.803292
401.082028,79,774.48939
-197.238255,161,779.840134
4418.975244,178,785.217494
2603.136397,137,787.995281
2958.75908,198,793.3733
3077.956336,153,796.162375
846.498559,103,799.236016
3719.328324,174,804.564263
2154.165895,147,809.854843
5601.027229,223,815.295092
5241.009101,280,823.252154
4151.112344,245,828.725529
762.259973,90,831.388539
833.267543,136,834.194666
3896.875185,170,839.591952
2266.12003,121,842.341415
2883.09103,156,847.585614
1183.258486,123,850.234862
433.770756,75,853.278115
2867.936559,152,856.010517
2476.444204,216,863.626005
952.78529,99,866.248878
3095.993044,155,869.155991
2176.201475,256,876.982027
4156.547001,159,879.736674
2709.756383,160,884.873195
3469.088541,174,890.137074
2261.328844,156,892.879188
3925.189068,156,898.139638
5077.302016,159,900.935786
1196.729899,95,903.555513
4121.660226,165,909.135267
-6365.602032,335,917.147429
6175.360259,243,925.041894
60.698691,44,925.150647
3762.906394,155,930.460001
1895.258664,137,933.191764
1094.994554,100,935.840594
2334.033215,152,941.306089
1185.276183,137,944.109662
3692.09642,152,946.925827
1644.207039,127,952.151268
5545.558962,202,957.540597
1434.620058,137,960.777311
6731.620332,206,966.164316
2774.983009,164,971.345201
7079.310411,231,976.808522
1494.404742,114,979.554323
1258.460964,164,984.968483
8329.549173,237,990.567694
398.51875,88,993.306829
2954.958649,152,998.72197
1390.980625,135,1001.530203
5674.294473,170,1006.916845
3379.50603,228,1012.404524
4632.356538,161,1018.183964
15.971359,34,1018.268293
2222.255818,128,1021.08739
2496.423637,297,1029.288874
2684.245285,141,1034.54362
3054.692101,151,1037.353049
386.010787,77,1040.014851
7279.331791,209,1045.41078
2545.335377,159,1050.74127
1976.371308,185,1053.689256
36.366787,54,1056.294755
1775.775292,163,1061.626878
2551.556376,160,1064.437023
627.18916,202,1070.375484
1112.416684,151,1075.672156
-6393.37968,484,1089.34322
-2786.177282,253,1094.963231
599.817943,82,1097.63282
735.387623,152,1100.473387
1069.567816,122,1105.765527
1704.650201,149,1108.566886
3098.410749,211,1114.082772
2997.741857,160,1119.477547
1642.123976,111,1122.275024
3131.706619,171,1128.174784
1598.571907,131,1130.991542
2612.156461,193,1136.506302
661.338242,102,1139.196439
370.938778,163,1144.543093
2145.261973,173,1147.383584
4355.099652,174,1152.749156
4844.731314,280,1160.856621
1796.846326,134,1163.609845
1507.582828,224,1169.101517
2153.896763,198,1174.515679
-5824.658837,386,1185.733964
4787.141834,191,1191.14882
340.62969,69,1193.815741
933.261701,96,1196.525934
198.30346,66,1196.686443
955.241422,166,1202.100725
1790.759835,104,1204.85409
65.872558,125,1207.63496
2179.795725,131,1212.897841
1889.259408,133,1215.680791
3191.140071,189,1221.139021
842.183042,144,1223.998483
2520.509424,158,1229.561819
1959.288535,153,1232.505167
3419.417138,209,1241.064075
171.662333,62,1241.209025
928.841522,100,1243.960302
1371.109661,115,1246.742244
1772.249025,144,1252.154472
4203.230814,173,1255.059081
3304.190634,170,1260.593198
827.942264,107,1263.362474
-361.641359,135,1268.751764
1985.27464,154,1271.628419
-447.885342,96,1274.375272
4345.213864,236,1280.04954
-2151.014147,139,1285.481169
2275.801081,205,1291.610741
2572.381498,144,1294.526978
-19.314578,19,1297.192987
4513.840621,203,1302.851445
3284.869795,176,1305.833055
6040.052424,186,1311.382819
-270.167673,74,1314.12527
2874.898637,142,1316.991402
1463.124268,118,1322.422043
-1.326475,191,1325.485282
3263.324184,150,1330.955995
261.529011,115,1333.774718
494.972307,77,1336.533017
2563.392368,180,1342.119658
1251.542463,100,1344.925041
2403.051068,151,1348.321209
-212.380003,214,1353.964747
1479.539639,137,1359.350193
4285.711922,174,1362.310703
1627.459322,117,1367.664601
2090.425586,179,1370.61776
3190.314764,176,1376.180418
0,1,1376.186955
1361.493076,163,1381.659753
2379.194016,137,1384.53056
1454.480331,178,1390.025795
3367.872437,214,1395.635435
139.182244,70,1398.367438
71.936497,81,1401.15404
2124.395283,159,1404.591725
5237.692793,184,1410.235366
3758.421209,221,1415.856637
4811.413491,238,1424.111513
4346.177829,183,1427.134335
1569.328883,133,1432.554533
-1229.884827,208,1438.227262
1072.529519,107,1441.068729
3658.519652,167,1446.744586
3180.988457,138,1449.725044
2119.09749,143,1452.700202
2298.900753,179,1458.373765
-2420.160693,318,1467.445994
726.380207,106,1470.35149
2683.218259,145,1476.029965
45.72215,60,1476.170722
2912.063277,168,1481.877155
5708.858532,191,1487.651529
4025.983064,170,1493.359888
4063.552654,186,1499.174318
451.916563,80,1499.368691
1357.495867,371,1511.06319
4420.485148,163,1516.834777
3257.829547,148,1520.335976
3520.160984,189,1526.12847
-1319.329212,320,1534.889986
601.437524,171,1540.586254
-5454.698721,217,1546.523945
1650.714214,122,1549.508223
3488.306301,142,1555.235857
1502.708042,98,1558.156745
510.971717,83,1561.021865
1184.416315,196,1566.831703
1615.559117,116,1569.766926
-3415.517856,256,1575.693893
1766.739219,145,1581.851699
2223.179768,264,1587.871976
1480.285676,120,1593.532991
3009.256269,165,1596.58857
2352.228285,185,1602.408561
5688.354804,175,1608.176745
2296.816153,132,1611.186429
2567.897056,173,1616.968682
562.905286,130,1619.978762
3126.734545,226,1625.922306
313.067391,74,1628.819062
640.52355,96,1631.756166
489.962614,92,1634.701357
3440.763494,216,1641.224507
5534.539406,274,1650.038775
2885.644287,172,1655.864783
2815.719432,168,1658.980579
2765.290312,161,1664.782462
480.395211,206,1670.637009
499.41157,236,1676.531313
249.292741,66,1679.42726
194.569185,80,1682.335797
3681.3988,139,1685.343518
1340.709674,118,1688.290214
1894.450129,156,1694.013961
173.793208,59,1697.312874
322.053732,225,1703.310307
3957.183929,158,1706.383109
5591.563468,216,1715.039631
4717.788773,197,1720.905895
869.78846,97,1723.834638
-4202.891902,261,1729.88793
1232.404427,113,1732.856528
1298.173723,135,1738.661182
1317.225841,125,1741.764171
2610.014774,179,1747.678671
4453.251607,187,1753.592349
1923.373714,151,1757.197996
2536.530161,135,1760.212633
5030.169295,183,1766.129954
4273.960774,266,1775.010156
3139.508006,183,1780.937966
3378.263415,160,1784.033801
3878.755893,178,1789.972505
3934.085967,155,1795.889315
5548.529408,217,1801.964818
1127.605069,125,1805.002163
5520.49262,170,1810.855044
2811.636973,156,1813.95138
931.133385,100,1817.399983
2508.622458,157,1823.302416
618.515843,90,1826.26982
1105.795908,182,1832.16362
1972.287548,127,1835.241346
2914.958577,159,1838.398129
3062.933396,158,1844.26379
4143.587261,175,1850.152962
5624.274931,185,1855.962852
470.050522,70,1856.134342
157.520485,61,1858.996374
5108.274276,178,1864.828124
4368.586121,204,1870.806246
820.308667,134,1873.839467
4341.899834,159,1879.99433
5446.96483,190,1885.766739
1196.277358,124,1888.797148
4052.137286,151,1891.897671
4126.529573,148,1897.640269
932.358091,104,1900.60735
2576.763452,196,1906.518938
3073.063956,158,1909.607881
4628.53252,168,1915.429664
1501.278014,141,1921.225922
2198.833535,151,1924.327133
2840.785486,142,1927.467804
4033.839239,162,1933.312805
6863.365555,204,1939.718582
316.189688,68,1942.630311
1970.370615,166,1945.726373
1313.247524,118,1951.60902
4137.240783,177,1954.733848
2234.884674,132,1960.500373
1166.818428,107,1963.516435
3577.255753,161,1966.689752
3534.575074,149,1972.565578
4164.539536,150,1975.678394
5876.578839,173,1981.580226
6048.270622,228,1987.638219
2790.913245,138,1993.451527
3335.770358,163,1997.035542
200.125047,60,1999.887608
1496.690679,122,2002.854565
15.317314,48,2005.633028
2123.299325,160,2008.663282
6484.629841,183,2014.53592
4582.491921,163,2020.416731
4611.593257,152,2023.641078
530.668503,84,2026.645082
4460.14983,210,2032.607469
4113.478322,147,2038.463068
1520.760931,104,2041.465696
1458.470554,113,2044.443483
850.214503,95,2047.332952
4608.378446,181,2053.164323
3868.503433,157,2056.769045
4598.346847,185,2062.617269
4014.518319,164,2068.400732
8099.120387,221,2074.294593
5418.988707,175,2080.23389
6180.402751,183,2083.418478
5019.465874,183,2089.399279
2089.853646,156,2095.201648
1795.982818,180,2101.013492
3453.277009,157,2104.087286
2173.00072,123,2107.062943
3069.123894,147,2112.868835
3962.519064,164,2119.283972
519.063334,77,2119.474829
645.956068,98,2122.618368
2511.817918,150,2128.994759
1676.262701,243,2135.457174
1384.006175,183,2141.668938
3745.32724,155,2147.698416
2120.471863,134,2150.86352
6646.943175,216,2157.100625
5105.193634,177,2163.180922
6262.82412,171,2169.246308
215.269553,66,2169.404379
2200.953815,117,2172.543255
3081.077378,167,2179.083387
85.491766,54,2182.042321
2689.66615,140,2185.241506
6164.758213,172,2191.37918
2978.568019,142,2194.545044
3175.108637,148,2200.817236
2661.220258,161,2204.235426
1509.043888,115,2207.516558
1355.603935,102,2210.623057
3384.342789,158,2216.632167
3713.570516,151,2222.610265
2959.390539,158,2225.762721
4979.803249,176,2231.698473
2291.472904,133,2234.810389
4251.893315,162,2241.28071
5457.739896,195,2247.323937
2620.145486,150,2250.481349
1981.723176,174,2256.490878
7876.8652,228,2262.663659
1524.038099,133,2268.698336
4500.680092,241,2274.930353
4548.452665,176,2280.948243
2621.334865,195,2287.036893
4212.106783,202,2293.025628
1788.813206,155,2296.20317
3987.839348,165,2302.740664
1833.789307,113,2305.752743
3276.752652,223,2311.809399
4889.190872,202,2317.900656
3691.393011,143,2323.794587
63.783388,55,2323.932504
1873.641131,122,2329.810371
4439.26543,150,2332.941395
7571.913149,249,2341.833822
6816.267585,215,2347.970585
442.315214,69,2348.139376
4635.040864,175,2354.060882
2596.637612,175,2359.950462
-489.064726,117,2363.575612
7401.755162,235,2369.58929
1952.97867,121,2375.31171
949.354154,94,2378.212155
4195.225383,170,2381.281503
3837.84306,187,2387.047105
1065.54767,97,2389.972047
4277.952031,172,2395.807284
3180.20261,158,2398.882924
2546.391625,135,2404.567911
3343.12285,147,2407.633319
3810.332944,162,2413.419862
9127.847974,239,2419.476482
3682.73381,175,2425.754956
0,1,2425.761647
821.610627,98,2428.620975
1693.201592,137,2431.557324
4015.842506,169,2437.22757
3520.627276,158,2442.879974
2609.470251,165,2445.891222
0,1,2445.897864
4483.805061,180,2451.604649
2066.549446,192,2457.407256
3691.696859,197,2463.291455
4152.811877,173,2469.069332
2946.104844,132,2472.058319
4859.924374,152,2477.748598
343.011722,91,2477.966274
119.977004,53,2481.266309
1705.850128,118,2484.211587
5654.963924,180,2490.031171
3356.17677,164,2495.689798
5157.24075,186,2498.738378
1811.154309,122,2504.410406
4647.543124,172,2507.520526
2491.846278,175,2513.369596
2917.031467,159,2519.169588
3089.956962,143,2522.246106
2184.612745,139,2528.112108
4194.670133,209,2534.115835
3848.699744,203,2540.586702
3207.115466,221,2546.574413
635.455455,125,2549.610569
70.971336,46,2552.407844
34.439838,38,2552.49952
1395.934343,118,2555.49114
3704.090849,229,2561.494254
4558.607963,163,2567.369646
142.833902,58,2570.265709
3387.538099,187,2576.200899
481.085301,75,2576.383741
384.440437,78,2579.349092
6331.34024,342,2588.468304
4720.764434,197,2594.416835
1079.60405,95,2597.389043
4378.497769,157,2603.753102
4132.331183,189,2609.757424
2919.975703,169,2615.646351
3466.909682,170,2618.798735
4183.666276,173,2624.647069
4276.816901,173,2630.55466
5660.665101,174,2633.724278
2795.305026,136,2639.612543
2730.677301,163,2642.81735
1080.770521,138,2648.757417
3125.121036,201,2654.880087
3975.144171,143,2658.029549
-0.582159,61,2661.455967
1547.227976,155,2664.560436
311.606907,84,2667.492026
503.691505,104,2670.475777
592.528938,140,2676.404087
3652.308989,205,2682.527243
5451.995597,243,2688.767564
3847.534199,183,2694.806536
3647.592865,155,2700.785611
4258.862141,158,2703.967066
2119.097309,124,2707.043037
4211.005102,172,2713.045687
4311.702572,205,2719.128296
4840.826172,172,2725.621284
2339.56344,135,2728.742367
369.29103,77,2731.707409
4586.515879,201,2737.758243
3083.667937,149,2740.942145
2388.38998,129,2746.99542
2345.551285,140,2750.155596
3883.434052,184,2756.253826
588.794339,98,2759.298232
1333.998184,171,2765.393704
2431.425282,151,2768.562229
171.913321,98,2771.575226
3651.758331,181,2777.558713
1446.722883,116,2780.662232
4359.039844,178,2787.257376
349.312948,70,2790.269547
3239.956908,161,2793.519838
3758.845687,182,2799.542825
3204.98323,164,2805.455211
4911.088687,193,2811.481917
4324.145952,219,2817.630171
332.077745,86,2820.602932
1749.031382,123,2823.610438
4545.002564,188,2829.493371
3840.741349,163,2832.604469
2639.063854,141,2838.407361
1377.214181,124,2841.459958
300.524819,61,2844.865211
3931.469803,167,2848.015598
4698.882675,218,2856.798587
4359.242393,179,2859.973821
2440.243562,135,2865.804147
2242.016733,137,2868.884327
4417.60548,151,2874.799773
2873.08328,155,2877.892436
4832.994637,226,2883.870538
4257.189309,212,2889.959663
3342.648518,160,2895.806912
50.132079,52,2898.681081
2712.712413,148,2901.831473
4975.108584,221,2908.46925
386.631377,96,2911.468167
5303.741355,172,2917.399565
1816.161452,137,2920.543262
2667.797875,155,2926.496392
1337.846512,156,2929.673902
5057.628205,181,2935.732408
2644.198474,168,2941.803666
276.206627,82,2944.796419
612.621582,99,2947.867901
2815.321348,137,2951.023845
149.702785,54,2953.962171
3755.605415,154,2957.1931
1721.78547,129,2963.082929
4297.317463,146,2966.732635
7805.279426,393,2979.013849
2121.048207,148,2982.297609
5049.914543,173,2988.435564
3687.665084,159,2994.436349
1392.280999,112,2997.508299
281.523459,75,3000.481529
1812.379695,124,3003.616167
3435.088583,159,3006.751472
4036.962144,144,3012.710398
6076.898691,200,3018.868393
4904.438412,227,3025.052067
4795.757909,163,3031.566506
1073.004346,104,3034.615772
437.794586,96,3037.634245
4211.911309,166,3040.808424
1867.117081,114,3046.808613
4145.265631,167,3050.041429
2302.696818,140,3055.997164
2600.504828,136,3059.226004
2209.510332,141,3062.389128
4430.207051,177,3068.488391
1446.433785,122,3071.628836
2462.192955,133,3077.669153
0.912802,39,3077.76593
2547.623547,139,3080.968225
3130.809136,158,3087.092476
4211.145064,170,3093.668397
2933.769339,159,3096.92654
7747.320358,209,3103.062943
4410.931546,186,3109.224532
3664.067207,204,3115.417163
3602.647525,164,3121.482711
1527.062217,143,3124.731181
386.921279,65,3127.726382
0,1,3127.73286
4297.334838,176,3133.828612
80.595148,54,3133.961281
728.441218,95,3137.018576
2186.505288,161,3143.146606
1911.09617,161,3149.192428
4063.985964,172,3152.953047
2792.533227,147,3158.873388
1327.425537,111,3161.970985
4620.850248,176,3167.872519
660.678585,92,3170.885179
3586.707405,163,3174.059584
4034.206772,163,3180.024817
712.217449,95,3183.051847
4482.589504,175,3186.254545
2513.306404,175,3192.257819
206.775106,65,3195.174273
2725.160888,167,3201.069041
4710.356403,159,3204.256548
1868.626553,123,3207.329118
5562.880351,161,3213.853685
2221.10854,143,3216.978996
3133.673631,154,3222.902137
4093.872376,153,3226.065895
2461.601912,129,3231.999929
894.975479,100,3235.036816
3681.780944,154,3238.241997
2364.182631,147,3244.24921
172.422927,188,3250.275997
1076.099708,95,3253.290252
1658.980419,154,3256.475838
1245.341302,104,3259.535512
2638.512167,147,3265.475108
-6.104238,37,3265.566349
2200.289082,132,3268.710393
2461.884597,151,3275.319137
3291.452049,167,3281.304794
3909.444442,169,3284.515073
48.668501,43,3287.432758
2746.3286,162,3290.655353
3979.805028,172,3296.688962
0,1,3296.695592
3783.615912,193,3302.823564
3325.383305,159,3308.855676
864.122136,105,3311.897684
5389.839906,182,3315.175072
4328.886518,178,3321.242148
-1577.381902,184,3327.416113
1652.115376,102,3330.502533
811.178094,83,3333.535407
2553.899945,141,3337.271747
1491.349376,108,3340.342444
1619.002122,117,3346.337577
354.425498,68,3346.502231
4566.490769,214,3352.653801
3328.696826,148,3358.632271
2179.931926,167,3361.816257
3718.53589,157,3367.763625
1984.013678,127,3370.833097
1792.027732,156,3376.797176
446.203546,95,3379.776024
6132.589803,181,3385.788514
2377.022455,154,3388.913844
2890.99411,172,3394.79388
3840.031917,179,3401.188205
2469.723242,125,3404.235575
0,1,3404.242095
4112.341075,159,3410.078215
3389.955374,206,3415.977153
4417.472985,164,3419.119201
3207.42812,136,3424.973393
1373.833941,104,3428.090885
4809.775799,179,3431.340992
2178.472026,133,3437.298536
2373.857635,173,3440.483878
2171.77198,148,3446.323184
2592.636854,159,3452.236078
70.185094,60,3452.377192
1681.878719,138,3458.663307
0,1,3458.669882
5248.761121,165,3461.809639
3110.006052,148,3467.730077
4378.667055,171,3470.986052
2657.234729,127,3477.054914
3367.516768,155,3480.337872
6831.296553,210,3486.618973
2199.876397,183,3492.752565
2043.589661,128,3495.902025
2958.856666,163,3501.931185
-27.426212,46,3504.840817
3562.159136,170,3508.007489
2793.262567,122,3511.053892
2975.678755,175,3517.059066
3580.972717,161,3523.606962
5907.467057,201,3529.715362
2525.796792,167,3532.822033
2946.122373,150,3538.644003
-167.191571,271,3547.599316
4066.156742,168,3550.758095
1905.634862,131,3556.618829
4214.299297,174,3559.762761
509.751307,92,3562.765273
3492.310498,147,3568.692064
2084.22552,147,3571.824478
264.647618,104,3574.855854
442.250196,89,3577.870889
3961.082763,228,3584.522353
1527.445607,123,3590.221732
811.434299,100,3593.220219
6778.854524,322,3602.22483
2777.827012,150,3605.347304
4297.887396,167,3611.282193
2751.925378,176,3617.344937
3634.021492,170,3623.402736
3176.952814,164,3626.577686
215.364048,73,3629.546685
3275.026843,169,3635.483683
3152.527481,140,3638.596717
281.344764,65,3641.96519
109.620189,55,3642.092587
3181.499753,161,3648.034576
4077.296541,156,3651.207473
2969.238275,170,3657.219338
2903.539345,143,3663.111597
4045.580609,164,3666.355072
711.320361,121,3669.434498
187.281285,63,3672.379591
325.140869,92,3675.352506
327.623909,67,3678.27654
4729.656926,184,3681.456595
5446.529793,162,3687.340121
5040.824687,171,3693.263553
3667.171732,158,3696.474977
2114.899427,128,3702.907904
3801.589433,193,3708.875235
4093.445313,165,3712.042846
3624.072487,159,3718.053673
3040.729986,144,3721.185494
-16.853491,51,3724.08727
3976.213462,180,3730.049815
1521.518769,129,3733.1146
4194.292341,189,3739.129995
-35.172537,42,3739.244714
1010.072421,107,3742.394258
2953.951529,146,3748.699574
4186.516819,167,3752.085448
6306.849436,239,3761.252224
902.686872,149,3764.997785
3794.760766,157,3771.061471
4173.294607,163,3774.2921
2167.722704,139,3780.295643
2206.232479,139,3783.447669
3677.139629,161,3789.423291
5176.836612,184,3795.517926
3980.502567,196,3801.746824
5562.337294,175,3805.010374
12.230899,54,3807.985108
5143.920675,192,3814.173243
2900.153021,151,3817.56551
1812.458183,133,3823.879593
3875.712994,164,3827.667129
450.255761,97,3830.665012
4668.932666,166,3836.629138
1381.192286,117,3839.701519
2999.207419,171,3845.759183
1542.257947,116,3848.829388
3277.115446,171,3854.932847
2481.340139,148,3858.111764
5493.304302,170,3864.202946
8302.080161,222,3870.411236
94.223358,58,3873.425523
1143.301871,138,3876.593295
1477.641,123,3879.782781
2128.368623,181,3885.870161
3594.666733,185,3892.548643
-4332.826956,212,3898.804061
4821.14041,185,3904.888724
3105.64061,169,3910.970546
4412.774104,180,3914.20458
2651.73608,156,3920.203515
5228.192107,191,3926.321545
912.325411,159,3929.551571
3198.318926,163,3935.566792
4681.095168,190,3941.631316
4455.085658,175,3947.725819
6250.355779,244,3954.549551
1490.982632,122,3957.641398
2937.065285,156,3963.71301
2729.553357,142,3966.910837
4530.462451,167,3972.923052
1940.960019,152,3978.999241
3452.28155,160,3982.229873
1570.337978,120,3985.321961
3430.831268,156,3991.323176
1637.769634,130,3994.480804
3516.710375,163,4000.457152
5580.573198,217,4006.552485
4919.019919,171,4013.116783
3318.719966,149,4016.307883
4052.578187,156,4022.317553
93.31528,80,4025.310437
3755.752231,183,4028.586341
171.275603,97,4031.65129
5470.103287,219,4040.621395
4963.071113,206,4046.81993
6068.862893,213,4052.979683
2982.660962,168,4056.213181
7797.262129,215,4065.164575
3595.197743,163,4068.432872
-14.127652,101,4071.580657
3582.352822,166,4078.22876
4374.125906,153,4081.404817
3838.216051,172,4087.437352
1690.864809,137,4093.36526
4270.594674,211,4099.48285
875.718079,113,4102.535416
4181.974083,166,4105.740856
1857.045446,156,4111.700964
3180.368377,182,4117.843544
3570.467032,196,4123.998557
4526.247575,156,4127.202708
2434.499761,130,4133.135701
3757.408408,184,4136.798735
6380.312064,221,4145.855382
2993.764013,157,4149.091914
2968.316361,155,4155.087187
36.215884,46,4155.194427
1411.264645,117,4158.226788
3428.606061,149,4164.266858
3900.459641,289,4173.547135
5158.675265,189,4179.660432
2734.116415,139,4182.870775
3600.745627,151,4188.941595
2228.670337,156,4192.14584
5434.188799,156,4198.758397
3919.249305,178,4201.980874
2147.866802,136,4208.079607
6259.682331,218,4214.132031
5403.695796,173,4220.037351
1418.170156,126,4223.120955
2782.50397,185,4229.234446
3068.822573,144,4232.406984
1757.814045,160,4238.505837
2875.386142,181,4244.665803
4276.442123,172,4247.907186
81.521023,80,4250.923554
4794.762868,190,4257.046564
4800.910571,168,4263.660484
3028.972218,155,4266.885764
3512.7316,160,4272.986864
2451.454865,154,4279.097857
4440.325415,214,4285.350767
7022.728606,210,4291.59779
2995.05962,181,4297.751338
3035.812355,150,4300.969731
2244.314561,157,4307.097197
-83.74479,76,4307.369087
-83.803205,64,4310.346259
6.574548,33,4310.42711
4582.774053,185,4316.594258
4400.998532,178,4323.339165
2643.814617,140,4326.49611
2873.901364,156,4332.55116
2384.1801,139,4335.719137
2913.499617,150,4341.801303
1131.852289,175,4347.886173
937.563252,163,4351.088932
6445.570503,272,4360.252233
1554.521614,153,4363.385225
-233.451938,161,4369.293513
225.385924,167,4375.288461
4123.226829,173,4378.566357
-643.686999,237,4388.160265
4594.274537,281,4397.269515
3015.355713,210,4403.399911
2700.947016,165,4406.61534
2055.439614,180,4412.681806
2671.211703,161,4418.676058
2411.025133,165,4421.833799
3362.216387,197,4427.933465
3293.425486,158,4433.913076
2924.747745,185,4440.013747
1095.715914,123,4443.114415
638.198349,79,4446.737285
3070.707963,170,4452.834636
794.405593,197,4458.97708
3720.68334,194,4462.31934
3498.524005,182,4468.473942
3263.463584,222,4477.606828
3163.316753,153,4480.854263
2242.120291,172,4486.971933
7069.877639,243,4493.30617
4773.034498,203,4499.579911
2990.129677,179,4505.758712
4072.539094,223,4512.556636
3608.71983,160,4518.653902
522.254712,120,4521.81693
934.2633,122,4524.983076
5351.875536,183,4531.125305
104.42721,59,4534.125092
3121.505587,154,4537.352232
1262.361634,163,4543.524696
2390.892557,169,4549.627848
634.490988,78,4549.812845
4600.871961,203,4556.07423
4586.801059,164,4562.329057
216.082303,76,4565.410176
1002.232666,93,4568.566062
2685.168211,147,4572.369947
3924.72888,168,4578.566645
4092.858729,195,4584.794341
4328.6348,191,4591.023042
519.45237,187,4597.208382
3626.226378,255,4603.528203
1660.317413,131,4606.71966
3655.285268,171,4612.871986
2141.579111,119,4616.013242
5390.796852,202,4622.173539
3582.682509,220,4631.314496
505.540226,82,4631.514052
612.922956,75,4635.112969
2979.080607,186,4641.299367
1072.308424,99,4644.395702
4365.845337,208,4650.60723
5013.326599,180,4656.751953
1618.642616,224,4662.963071
2089.353043,156,4669.059568
5597.640103,194,4675.194399
4031.910242,198,4681.612457
645.626685,90,4681.830345
182.459554,55,4684.847538
177.503206,65,4687.882345
1971.340256,166,4691.152568
4186.441469,187,4697.973319
2931.84781,213,4704.227547
2647.694558,182,4710.377682
5594.844347,178,4716.579535
3867.616679,166,4722.746738
2347.32116,216,4729.04226
4731.398522,186,4735.300106
753.984556,107,4738.472266
3131.66135,133,4741.708251
3749.745414,169,4747.964697
1813.732352,153,4751.276311
2048.026867,233,4761.121086
3683.975188,239,4767.770673
4401.157075,194,4774.005603
862.636431,183,4780.200551
2161.401702,143,4783.465517
1682.584674,137,4789.529579
2500.562678,220,4795.903696
1887.972681,222,4802.295663
3064.361801,155,4808.459323
4143.323776,174,4811.769434
2982.528073,175,4818.011402
1900.937891,115,4821.155601
3761.392219,152,4827.932153
4186.417888,229,4834.262389
2301.330884,136,4837.441755
2267.761471,164,4843.688224
2037.998682,151,4847.008952
3568.133375,158,4853.115007
3501.452579,208,4859.313728
4810.411692,280,4868.686989
3918.704822,215,4874.980963
4797.68136,198,4881.20198
1475.243111,202,4887.971954
3799.238329,185,4894.173974
4082.364738,176,4900.37144
5437.960798,232,4906.678877
4900.74011,169,4912.84869
4435.316418,179,4916.101923
2814.590181,175,4922.199233
6170.148099,218,4928.425667
2959.199764,176,4934.621856
6434.317568,250,4943.88868
1748.216626,208,4950.730205
2184.578844,135,4953.974327
1229.471931,127,4957.193985
1410.411433,165,4963.437153
5379.256826,184,4969.719418
3506.722823,261,4976.291563
1420.149871,333,4988.659239
876.719232,204,4995.043484
2702.015842,215,5001.464381
2500.300174,129,5004.669885
-2147.937137,257,5014.530694
2058.607116,169,5020.779806
2097.176803,184,5024.139701
4784.437664,193,5030.415816
1167.805815,143,5036.604016
3449.325623,160,5039.894697
1736.329217,148,5046.079953
2810.938292,165,5049.372313
1046.889318,121,5055.424337
4538.963033,197,5061.728864
2480.205584,210,5068.093953
1714.216822,167,5071.540198
4978.882855,196,5078.509957
1720.327156,225,5087.699681
5001.116512,208,5094.042964
1799.321677,157,5097.307236
4931.192672,271,5106.786302
1125.621658,111,5109.991189
2385.287461,206,5116.352588
2246.148308,147,5122.530374
2641.978626,194,5128.903827
2660.916865,190,5132.274747
1630.926759,110,5138.434419
2107.245429,191,5142.429208
1990.936399,157,5148.590923
2174.34107,193,5154.875583
4331.994911,192,5161.170037
1358.761063,172,5167.478187
3175.438139,189,5173.77782
2680.366254,177,5177.137974
3417.121405,313,5186.682488
-205.810236,191,5192.967158
2616.848319,238,5202.374677
3289.119452,150,5206.279511
3568.789195,173,5212.568424
2035.130449,172,5218.848848
2173.820013,148,5222.096924
1482.557882,144,5228.341361
3661.658114,154,5231.673983
2123.088341,174,5238.010018
2084.649909,123,5241.317179
2528.289847,162,5247.571619
187.022261,130,5250.856613
2074.638619,153,5257.037069
1083.426399,130,5260.299005
1912.28338,173,5266.572039
3336.894427,175,5270.458074
4789.20954,198,5276.738384
5362.902015,218,5283.181457
1947.201709,152,5289.478269
1979.984282,157,5295.804611
-535.86041,288,5302.375303
4680.402894,182,5308.710066
2998.71141,172,5315.053672
6538.725164,187,5321.479734
4493.588051,213,5327.879237
6106.1129,236,5334.946331
1426.181858,145,5341.278306
3343.416046,216,5347.701769
2146.551995,132,5350.952286
2930.224214,206,5357.389817
3992.929888,157,5363.757526
1390.505874,123,5367.03219
2319.80894,257,5376.560293
3227.572283,165,5379.951207
4896.584545,234,5389.47133
3622.105919,157,5392.763114
3620.623422,219,5399.812886
5299.047807,180,5406.202189
2436.984801,137,5412.495616
3758.769645,194,5418.96134
2509.562019,137,5422.255861
306.705362,277,5431.855399
2496.772022,264,5438.442317
2714.080131,127,5444.754151
1716.822128,138,5448.062082
800.242773,113,5451.31399
3102.029284,168,5457.563351
3270.695361,143,5460.873761
3819.85149,175,5467.8934
4334.547821,179,5474.282058
3977.09041,169,5477.644649
3208.047171,182,5484.055393
2699.758119,236,5493.665864
4419.340761,207,5500.127294
4045.779432,239,5506.641367
2623.880106,132,5509.934732
854.74134,231,5519.462404
2968.031948,141,5522.758801
-579.033334,192,5529.869012
3709.934461,146,5536.198073
3392.900297,163,5539.578154
1681.078881,115,5542.832134
2720.957142,154,5549.144707
2758.044603,177,5555.631624
3425.65186,209,5562.021202
644.361256,132,5565.358038
3806.412869,191,5571.840538
4285.606504,153,5575.207045
3108.812223,162,5581.676066
3418.132643,167,5588.164091
4078.962722,184,5595.254085
3983.332045,205,5601.728985
2432.703845,158,5605.088327
1847.906067,186,5611.563987
3259.868522,176,5618.00752
2404.518603,224,5624.539858
2260.777086,153,5630.959576
3169.336297,139,5634.338908
4933.316963,186,5640.803725
4015.24911,187,5647.256156
3820.119143,192,5653.807283
3072.510749,205,5661.005725
2679.271926,159,5664.444041
4514.882156,167,5670.890855
98.507439,88,5674.13737
1766.2502,136,5677.508191
3103.093843,169,5683.996365
4420.883009,197,5690.703946
3671.589255,223,5697.409434
2298.668113,136,5700.801272
2779.736482,167,5707.342385
3342.241064,181,5713.88562
2057.857054,192,5720.47885
3232.35166,168,5727.565349
4032.655906,202,5734.178105
4738.687651,253,5740.895688
5822.787403,167,5747.425492
3239.617337,164,5750.956308
4558.991485,171,5757.496267
3107.736468,146,5763.988441
6237.597676,200,5770.562361
4157.312634,239,5777.19133
4637.741165,176,5783.663766
4103.855539,189,5790.152805
3513.48089,171,5794.176596
2907.694882,165,5800.535336
3619.536465,191,5807.086968
5326.422258,217,5813.698838
4667.033691,196,5820.304389
4322.565228,172,5826.780863
5246.471466,209,5833.29383
3363.287203,150,5836.663
4917.132144,275,5846.473403
-318.604062,233,5853.187253
4495.951008,181,5860.275401
4638.241413,191,5866.867591
2799.662985,140,5873.346843
1698.649057,141,5876.76906
2958.200186,195,5883.344911
3977.563608,198,5889.871042
2785.245534,186,5896.482627
3842.37783,176,5899.934737
7206.351039,267,5909.711928
4336.788013,180,5916.200091
4895.249107,166,5922.716976
5265.08172,208,5929.99783
5037.05342,201,5936.565068
3087.555298,160,5940.001266
4511.552454,219,5946.589367
5079.404167,175,5953.11255
3423.689748,153,5959.572202
3335.880668,161,5962.983824
-10578.931704,802,5988.698612
3739.934572,214,5998.835867
3807.92228,171,6002.241441
4169.340489,184,6008.711134
4267.847462,155,6015.127683
5462.333256,207,6021.577194
3367.433631,145,6024.874517
4812.073576,227,6031.361233
4742.495151,180,6037.793033
5068.26083,194,6044.303514
2916.791365,151,6050.659513
3305.992122,145,6054.013257
4158.856523,154,6061.115221
3231.476834,179,6064.604176
4198.193871,236,6074.306706
2807.934283,214,6081.009259
3173.888699,367,6094.38908
7276.549469,249,6101.161669
5836.562727,194,6107.79321
7149.801604,203,6114.441266
3398.389248,272,6124.985259
4522.943246,183,6131.649764
3961.44834,172,6135.134279
4441.838127,194,6141.802478
1853.476299,113,6145.162791
3181.614459,185,6151.746759
8078.621628,244,6161.536721
3365.863034,168,6165.038383
2510.834221,161,6171.665916
3473.675326,166,6178.279073
2776.714302,156,6181.763819
4857.008497,231,6192.361566
3000.2265,152,6195.796353
4485.240616,218,6202.538046
3783.736614,211,6209.110989
3521.696565,189,6215.748341
3060.201494,188,6222.397008
4589.146446,223,6229.137131
2208.179391,162,6235.724994
4497.884861,220,6242.390538
4936.963968,186,6248.985302
3770.615486,183,6255.568259
7042.620445,216,6262.893157
6611.214324,259,6272.633703
4144.285786,180,6276.169081
2015.150824,229,6286.032957
4404.983315,186,6292.62508
3374.253236,174,6296.164132
1564.874084,206,6302.783707
4183.323051,190,6309.383108
1414.382711,114,6312.72287
5612.161076,219,6322.477044
2662.96528,223,6329.759965
5900.264162,261,6336.548255
5116.853254,270,6346.367404
4410.497195,145,6352.864914
4053.637922,195,6359.463878
2837.026978,189,6362.97932
3172.40895,199,6369.620177
2666.012528,133,6376.096256
2404.170255,127,6379.494953
5777.207989,228,6386.247279
3732.125409,169,6393.85585
3807.126595,184,6400.507951
1178.344667,217,6407.184096
3822.262193,165,6413.702075
8395.443012,228,6420.329858
4888.957459,169,6426.905825
4550.759848,179,6430.447818
4262.459903,205,6437.126336
6409.022106,221,6446.954416
4493.678555,268,6453.892813
2061.955194,112,6457.342378
4247.563584,260,6468.54187
1068.634367,169,6475.184908
3848.460569,199,6481.892014
4750.000618,182,6488.604303
4562.434714,193,6492.161791
5116.008082,183,6498.869375
3790.797127,225,6508.838489
3202.834625,192,6512.439393
3466.322542,190,6519.145831
3539.092884,185,6525.724241
3457.787794,137,6533.336705
6738.828105,200,6540.086809
6159.747398,238,6546.921225
2842.717609,179,6553.684807
4728.681149,235,6560.549
5222.145171,162,6567.213154
3133.118116,167,6570.720727
4341.252292,183,6577.357601
3111.63316,151,6583.944945
3001.066563,228,6590.695925
0,1,6590.702452
-1153.00418,194,6598.328283
2074.168008,178,6605.048973
3628.084383,136,6608.47544
2942.368512,154,6615.050481
4928.307233,234,6621.883018
4936.341986,173,6628.476449
1102.882692,161,6631.975106
2951.120412,203,6638.803455
1134.378587,129,6645.339303
4923.546153,224,6652.112995
2279.662782,161,6658.749049
1552.892947,222,6666.113214
1254.472923,138,6669.609895
4354.310638,169,6676.33914
2752.398094,156,6679.872126
-4195.83415,250,6689.986345
5406.072618,215,6696.806366
5734.267506,233,6703.528267
4066.779471,174,6710.156173
1544.391414,215,6716.936864
3900.005777,183,6723.648746
4134.204824,184,6730.274091
1167.867195,201,6737.520611
4500.979262,186,6744.105471
1203.244689,207,6750.774101
4673.5748,158,6754.336462
4584.014036,232,6764.255271
3435.69089,160,6767.787419
-5592.378971,506,6784.583458
3770.477483,160,6791.17494
1368.000851,261,6802.198214
2500.576937,175,6805.749915
1873.751525,201,6812.469174
3002.205742,154,6819.172309
4770.327638,195,6825.865852
3078.883205,230,6832.597287
2274.443053,126,6836.011825
3400.564884,166,6842.582581
2122.800892,151,6849.171962
1763.928497,257,6856.128365
5448.20797,221,6862.929992
1489.076587,106,6866.372961
4289.424546,169,6874.202018
4615.165141,169,6880.828612
3083.239771,180,6887.511059
2804.841346,169,6891.039093
784.463322,83,6894.346238
0,1,6894.352857
4457.966171,194,6901.106386
2235.999271,131,6904.557606
3241.367723,152,6911.207783
1206.974819,164,6917.892552
7371.972914,240,6924.796057
3090.769929,214,6931.569947
4651.997248,199,6938.967474
4359.461644,169,6945.657989
2306.23591,176,6952.364211
6479.618704,194,6955.988399
3503.399922,179,6962.65888
3733.372971,183,6969.442781
4991.634719,175,6976.201537
3873.843272,175,6982.956218
3033.443181,178,6986.561668
3536.263742,166,6993.209634
2683.024627,167,6999.887889
2571.194012,327,7011.019857
3762.798788,200,7017.842635
2935.962799,251,7024.793683
4199.032875,210,7034.668695
2598.177866,147,7038.205739
6771.909704,382,7051.793411
3681.60575,152,7055.32262
2767.962045,134,7062.011332
-3488.093823,371,7072.486238
2985.867036,181,7079.897944
841.362376,111,7083.308024
4160.157475,158,7089.970594
3354.19741,163,7096.682262
2090.927809,128,7100.164663
3539.048884,174,7106.833185
2773.623896,178,7110.433045
2302.629011,135,7117.216008
5299.494535,173,7120.867797
6691.387519,252,7131.111507
5381.684486,176,7137.816648
2208.418636,190,7145.527438
6177.320941,301,7155.622449
2672.709309,176,7159.187212
-1586.061883,192,7165.893094
3329.229305,159,7172.507224
4836.657897,184,7179.275211
6813.924744,311,7189.545385
6387.030419,243,7196.445686
4550.925228,219,7203.18298
3226.20751,146,7209.926015
2862.987088,216,7217.528791
5606.636939,226,7224.452036
7023.52822,281,7234.602897
3978.759181,253,7244.758755
4094.585485,173,7248.326028
3769.468996,189,7255.112802
2448.210801,159,7261.884936
4965.566627,257,7269.007926
5889.52076,266,7279.775253
3807.99616,222,7287.543989
3950.624557,156,7294.402342
4631.230447,229,7301.375118
3673.983308,208,7308.264837
5056.722185,243,7318.340292
0,1,7318.3469
1048.379512,254,7325.389339
5166.754479,197,7332.300814
4366.081773,182,7339.221458
2046.121039,166,7346.323567
2551.620418,202,7354.672021
1981.292727,153,7358.242065
2208.251026,114,7361.75175
3651.10392,147,7368.524836
5279.505203,185,7375.35381
4108.780658,173,7378.991871
4194.572389,215,7389.15146
511.296194,130,7392.683313
3251.450734,259,7402.90955
3164.475407,131,7406.429334
2345.379977,128,7409.962318
3707.108856,166,7416.789107
3056.293901,161,7420.335272
4113.41492,174,7427.879949
5368.918931,195,7434.760798
5582.070634,195,7441.587754
4099.382253,353,7455.202416
1668.395223,208,7462.105981
6260.935009,225,7469.080658
1153.113772,176,7475.852069
2609.829941,169,7479.402932
7097.698429,226,7489.576198
2631.642336,141,7493.844429
6032.460718,234,7500.886227
3284.127763,175,7507.825998
1884.679686,109,7511.354095
3354.457851,241,7521.584571
7474.82926,256,7528.692705
4316.866508,178,7535.592093
3954.034785,168,7542.506881
3786.120775,176,7546.173067
3291.407658,170,7552.995659
-2439.079745,253,7564.401731
3058.827348,196,7571.503105
5503.598979,178,7575.393915
3268.207394,238,7586.133929
4624.225397,190,7593.305142
2062.158492,136,7596.898345
5769.67104,254,7607.357529
5315.037061,208,7614.444079
3425.97275,164,7618.089535
4545.220237,231,7628.534362
2663.180433,144,7632.177227
1543.321435,125,7636.506194
2744.371674,159,7643.503641
5924.478048,209,7650.631988
2192.454739,148,7654.4445
3283.271116,186,7661.793209
3884.189705,151,7668.687791
4624.927286,209,7675.752484
5013.630388,186,7682.783597
1844.340029,171,7686.485873
4596.615698,474,7704.183872
5154.629882,186,7712.315737
1945.97991,261,7722.92054
4997.674372,190,7730.405915
1079.905619,159,7734.236223
4971.048934,184,7741.246737
6276.276589,214,7748.269907
3629.405468,218,7755.366708
6718.457772,226,7765.872057
3960.349724,276,7773.100861
0.473532,10,7773.128555
5231.55751,191,7780.78878
5706.715459,184,7787.756103
2693.140522,177,7794.755332
5052.396253,234,7801.919132
5868.249854,232,7812.313671
6105.757689,217,7819.492208
8055.969709,287,7830.138136
1653.770529,183,7833.997811
6217.745869,300,7844.697439
766.535002,99,7848.221469
3138.745472,179,7855.847738
2932.9598,216,7863.025288
1911.342342,163,7870.062738
3383.163826,240,7877.267967
8563.818485,260,7887.915178
5737.06121,242,7895.235368
3902.754731,189,7902.63248
4390.537845,150,7909.805178
5921.97146,222,7917.190869
1508.634232,182,7925.148748
4998.707688,249,7932.433991
6544.152694,208,7939.558071
4552.23575,183,7946.763386
7421.280396,240,7957.451811
7812.7287,252,7964.757752
3051.180151,159,7971.827696
3258.917442,187,7979.06479
2564.186007,161,7982.809213
3585.369144,165,7989.994064
3324.266787,198,7997.946615
7281.259206,222,8005.254078
2953.709058,147,8012.416991
2496.055054,185,8016.307556
3243.540941,176,8023.478975
3372.630334,186,8030.692337
643.036284,220,8038.026691
7242.698945,217,8045.238376
2872.434763,152,8052.301048
-10301.857324,526,8071.751829
3076.525783,173,8078.801845
3827.698896,180,8086.022982
4385.09737,202,8093.152565
3231.628765,154,8096.860102
3277.487871,274,8107.547456
861.987519,94,8111.126425
4359.679844,175,8118.349005
4716.723538,144,8122.161051
5043.237783,213,8129.764855
4949.753913,179,8137.17675
2088.347649,180,8145.026484
5518.239124,181,8152.14195
7359.928735,247,8159.507604
2991.968891,148,8166.637479
2746.459279,149,8170.387067
3612.974347,178,8177.626095
4369.99656,294,8188.455096
2022.876828,200,8195.747882
5962.650806,221,8203.036659
2884.887779,165,8210.208418
2681.738091,168,8213.972663
2987.594095,177,8221.805103
3289.49928,166,8229.036812
1839.021464,140,8232.72289
3297.646305,145,8239.837172
2286.875943,223,8247.094408
3917.803625,161,8254.280885
3099.171575,178,8258.069662
2233.221314,180,8265.206599
1970.14299,211,8272.538951
2063.36879,191,8279.791428
3945.294145,194,8287.089972
3494.481367,190,8295.14098
2125.320476,116,8298.926825
3451.514669,203,8306.39466
3816.098158,218,8313.892851
3586.944671,195,8321.241729
4698.384592,230,8332.027471
-5521.151243,316,8343.09621
2193.88116,166,8346.807551
1584.986656,157,8353.906428
4049.518639,190,8361.153145
4798.461105,201,8369.084554
7576.964587,214,8376.420555
3069.933139,217,8383.776857
3411.911618,168,8390.952527
2511.28644,217,8398.256132
1275.900124,229,8405.592837
4120.359926,151,8412.717967
2857.691077,152,8416.49794
3388.132842,182,8423.823901
1921.520441,176,8431.096396
3921.766089,188,8439.120916
1607.154222,98,8442.761318
4858.627912,169,8446.515992
5349.712974,256,8457.344352
3791.046747,162,8464.616378
4406.346837,175,8468.395792
4119.850526,200,8475.70879
3541.310787,187,8482.980738
3542.009441,189,8490.312457
2626.940798,179,8497.614102
7577.675764,214,8505.022513
3917.195354,156,8512.925311
3697.64293,217,8520.249404
6568.251501,190,8527.567998
1766.15266,249,8535.030924
3482.772114,175,8542.263542
2625.042724,173,8549.531006
4694.477119,216,8556.96015
4353.264073,189,8564.208124
743.455971,170,8568.054074
4336.026771,184,8575.374039
3435.057976,161,8582.653061
7526.646555,214,8590.815414
4453.722315,180,8598.011257
3784.360976,163,8601.885576
2327.98737,119,8609.067605
3103.662291,219,8616.524463
4949.08206,211,8623.934408
4511.59373,170,8631.226955
1768.379486,186,8638.564499
6835.772201,246,8646.048609
3863.105963,144,8649.851884
3177.05223,173,8657.090465
4194.791967,149,8665.014283
2712.522726,166,8668.779665
5279.429123,169,8676.02373
3970.584707,177,8683.300249
4169.304246,185,8690.529555
2840.958972,190,8697.776944
5441.879824,221,8705.140722
4782.336901,183,8712.536075
3508.43202,167,8716.396883
4332.800145,169,8723.635862
3950.869929,193,8730.915121
6758.926358,237,8739.440958
3983.797076,160,8746.57948
4942.009878,245,8754.085345
2231.248453,146,8761.364618
1621.278209,192,8768.727905
2487.163881,169,8772.620744
289.293184,271,8783.643136
5989.559882,208,8790.947716
3346.102041,228,8798.346339
2511.364976,148,8805.618115
6427.590916,250,8813.805213
5871.723464,226,8824.764966
6098.520731,184,8828.618863
5432.372668,184,8835.887938
4389.394266,180,8843.216808
3694.946568,181,8850.52955
4154.581301,193,8857.9256
1204.018858,131,8861.732414
3489.850436,184,8869.098727
1119.057091,118,8872.757552
3432.69198,130,8876.449055
1138.455091,144,8884.831439
-7410.957973,382,8899.506047
8522.80113,246,8906.964589
1569.73315,153,8914.236557
4327.88283,188,8921.601201
5335.36392,195,8929.032147
4843.277624,178,8932.915771
4367.124501,151,8940.215283
3109.856002,150,8944.041421
3249.553221,178,8951.407315
4031.111468,198,8959.887129
6213.462809,223,8967.313329
-8704.355684,345,8981.891287
1912.353993,273,8992.851331
4352.899391,194,8996.727022
3231.442453,131,9003.943665
2307.033974,155,9007.700095
4674.562848,169,9015.039842
3371.949463,186,9022.360657
3774.799291,209,9029.758686
3571.70772,319,9041.897638
7792.582518,354,9056.621601
3401.875879,221,9064.114718
4059.268345,182,9071.48075
5094.792598,196,9078.871537
3688.046315,172,9082.76114
4370.98548,167,9090.217441
3003.755599,197,9097.597058
444.014971,117,9101.368371
3951.046612,210,9109.58179
3213.652676,220,9120.454515
6018.507117,282,9128.092794
4206.753996,158,9135.429552
6252.40415,189,9142.95715
4896.283777,173,9150.323235
4857.57269,226,9157.796776
3384.542053,168,9161.658549
4113.554928,159,9168.974855
3652.543344,183,9176.381976
2852.233663,190,9184.890589
1041.646811,130,9188.679578
4002.488103,174,9196.029112
3531.504466,219,9203.531012
2784.99955,157,9210.832357
3369.506141,223,9218.202796
3726.613935,186,9225.515721
5813.298285,242,9232.963672
6931.93657,232,9240.334519
2074.251216,204,9247.810315
2864.565694,172,9255.060531
5880.573169,183,9263.441825
4243.492287,170,9270.680843
3790.225484,192,9278.093683
2087.580453,149,9281.929811
4798.761885,160,9289.270952
3811.227422,157,9293.256699
6151.273213,268,9304.27658
4036.158713,203,9311.678524
3313.805063,267,9322.726153
3586.592608,187,9330.126812
4549.678972,231,9338.778091
5685.449427,204,9346.233267
-6211.645123,295,9357.458034
8657.387152,236,9364.952494
8612.614096,228,9372.467643
2932.104689,197,9379.914594
1205.591142,252,9390.847837
6591.154276,233,9398.369655
3390.672318,179,9405.82254
7258.162821,220,9414.05908
3350.767257,177,9421.444057
2883.090757,157,9428.745092
2822.813079,179,9432.587155
3120.558357,212,9443.520492
3989.323433,215,9451.056773
2401.122698,161,9455.01323
5954.728338,239,9465.994191
5431.788471,199,9473.434454
750.549789,270,9481.104317
-7886.06842,320,9496.426004
2376.108662,208,9503.962511
2917.546881,161,9507.899732
2911.167258,173,9515.391665
478.467744,262,9526.531616
1682.287721,222,9534.114615
3731.125172,184,9541.507478
3867.683736,199,9549.030934
948.055906,172,9552.864512
1454.048596,247,9564.756755
2807.080458,213,9572.292278
-1773.039434,290,9583.41027
4657.427651,181,9591.009382
1797.764326,463,9606.282316
3209.717317,183,9613.728382
2999.854331,152,9621.07385
-1735.386708,412,9636.834302
-4229.833632,487,9655.52352
5669.582889,229,9663.017013
3473.573057,157,9670.413943
2674.58963,165,9674.352901
4913.14222,208,9681.862031
7422.332744,229,9693.060163
2984.192944,153,9696.922549
5331.099588,184,9704.455327
3962.507261,244,9712.818279
4905.603969,206,9720.332153
3758.88418,228,9731.390409
5011.679807,224,9739.014123
3036.663042,194,9746.535326
-132.239561,353,9758.072358
4124.234375,166,9765.571442
2393.941271,146,9773.023951
3079.962067,155,9777.121655
4851.266381,190,9784.604072
2980.563874,162,9792.747175
3452.47679,145,9796.59757
4272.969304,254,9807.756315
3944.661029,178,9811.883476
6445.603557,203,9819.410342
1185.415915,184,9826.931263
1279.089368,132,9834.271734
1679.61371,222,9841.837487
5723.479186,234,9849.398134
6002.185604,183,9856.859788
4685.049926,170,9865.10201
4912.595054,198,9872.57746
3644.416578,132,9876.407571
1795.859293,144,9880.195183
2488.033759,204,9887.733714
3087.899363,161,9895.100528
2809.456891,263,9906.215131
6697.309112,219,9913.701826
3406.451319,192,9921.181076
4625.999764,145,9925.020714
3742.73592,233,9936.083528
2705.898164,151,9941.217441
2962.131738,211,9948.688641
3286.89419,160,9956.052047
5927.121908,180,9963.495767
3003.363493,152,9967.379856
3505.964076,152,9974.677551
3356.68945,206,9982.134421
1401.08584,150,9986.009
3581.702867,181,9993.465638
3420.205424,163,10000.838293
5749.027343,165,10004.702796
3781.543383,188,10012.18541
6918.079815,214,10020.777427
3157.045005,169,10028.240606
6067.555975,214,10035.870096
6409.097997,207,10043.403589
4334.023065,171,10050.845209
2287.896269,260,10062.123254
4691.25143,286,10069.842268
3757.830253,206,10077.371486
5661.780602,184,10084.807796
4438.049678,270,10097.131562
4221.947827,175,10104.51247
5230.083492,190,10112.01581
7375.545424,229,10119.548972
4081.924273,238,10127.105489
6996.965729,218,10134.660146
4199.814825,249,10145.898243
3761.791337,247,10153.543128
5241.293395,205,10161.071882
2569.018998,140,10169.056445
6055.580995,199,10176.539848
2519.132691,214,10184.163835
2379.387201,149,10187.999425
2630.975385,142,10195.365908
2686.945269,152,10199.26043
2068.339427,198,10206.836022
3524.182935,182,10214.375829
2580.699187,191,10221.922418
3805.764327,154,10229.249869
4597.724421,190,10236.824427
5769.709022,187,10240.861558
3588.214771,182,10249.687208
1057.595368,185,10257.306494
3461.707415,199,10264.921553
1291.494449,130,10268.774976
3988.976673,174,10276.369213
4915.052215,228,10284.071038
3025.883694,182,10291.58866
5538.015445,216,10299.088373
5113.9857,204,10306.629431
3780.264237,189,10314.156734
6373.988861,218,10326.39146
3558.694684,165,10330.362487
3831.385042,262,10341.771196
3894.210104,170,10345.739599
5821.664866,190,10353.320111
3211.676292,176,10360.930985
2725.214849,156,10369.692155
3185.268745,147,10374.409873
2573.358211,175,10383.451514
4740.993255,156,10388.243956
3189.223677,164,10397.212995
1869.793167,193,10407.20454
5152.505652,180,10415.793779
2686.268416,221,10423.562303
6108.571101,208,10431.27374
1957.766334,163,10438.816911
2642.135729,172,10446.497915
4053.232013,190,10450.559644
4699.729094,192,10458.245508
3298.905199,222,10469.657921
9362.776332,241,10477.481837
6305.42426,200,10486.364949
5076.543259,185,10493.891657
2125.636331,163,10497.898597
4118.562922,164,10505.508388
1768.632631,131,10509.383849
2145.989455,209,10517.042119
5588.831519,218,10528.399263
7933.23945,206,10536.157429
3506.032357,181,10543.805599
3235.616839,163,10547.817585
7373.73237,216,10555.56277
4026.034644,168,10564.370285
3804.607426,169,10571.961818
3626.994326,190,10579.64062
-1939.669416,217,10587.345473
1983.240483,178,10594.958673
4282.200817,180,10599.00248
4345.603337,198,10606.658326
4260.917224,168,10614.17726
4008.076712,182,10621.759605
7982.2056,226,10629.563078
5165.658573,179,10637.14
5263.680609,184,10646.024359
4976.882916,187,10653.701319
3820.729869,188,10657.755802
4813.905271,184,10665.332978
456.168758,223,10676.740648
3584.680892,194,10680.83245
951.010584,181,10688.565777
19.836842,25,10692.257116
4832.50844,185,10696.3085
2365.912929,148,10703.972571
4536.120927,175,10711.626997
4757.290312,200,10720.519975
2696.780885,148,10724.513384
5152.181923,164,10732.093751
4979.375883,178,10739.82172
1780.926764,114,10743.760829
4785.873024,160,10747.743768
4999.906521,192,10755.423727
7595.91567,287,10767.060437
2496.547158,133,10771.019637
4286.314474,164,10778.666491
2540.416387,186,10786.345678
3923.33003,217,10794.178526
1064.879145,234,10803.155924
5597.524787,191,10810.877468
369.623808,313,10822.500285
3853.657771,186,10830.174469
3650.565363,288,10841.744987
2364.94533,197,10849.562605
5625.275281,255,10861.014619
5694.395342,215,10868.85075
2522.993911,191,10877.763299
6159.482081,222,10885.529866
2900.830429,174,10893.115198
2425.802576,226,10900.824756
6741.875969,228,10908.514574
3693.23453,214,10916.168392
-425.614803,274,10927.633408
3170.21143,279,10939.076073
5656.091606,182,10946.735927
15.904343,26,10946.801248
3658.287024,181,10955.724346
4466.561302,228,10963.414875
2890.615764,146,10971.33173
1751.434236,289,10979.214223
1767.73836,199,10986.762839
1039.236798,191,10994.377108
4930.717336,179,11001.888779
4787.77686,282,11013.267657
3897.280828,321,11024.626789
7616.995662,216,11033.391727
6524.638078,224,11044.635335
3982.8563,192,11048.589569
-4362.713621,371,11063.598546
4043.365526,217,11071.127223
5111.60087,176,11078.616655
6291.985762,210,11086.17127
-1899.222315,253,11097.275424
9458.880208,262,11104.853787
3544.339986,271,11116.742489
4795.309737,202,11124.185813
4121.217883,157,11131.550823
3804.01279,211,11138.935473
3286.321718,202,11146.32135
3446.344526,191,11153.796995
8635.422816,212,11161.300014
5555.342459,169,11168.615745
3720.601016,202,11176.072824
2984.776152,161,11179.956719
6986.794539,257,11192.147766
3802.105907,163,11196.066319
3506.025108,220,11207.208534
3478.094164,213,11214.666137
3865.718512,252,11222.40178
6988.119332,246,11233.594619
3269.783357,253,11241.228505
4068.83285,157,11248.699931
4140.625271,193,11256.251581
4000.554712,180,11261.393215
2490.038069,229,11272.613354
2451.532255,142,11276.47034
6108.855613,221,11284.086101
4643.336856,280,11295.286797
6927.803818,235,11306.434627
3886.902655,184,11310.444127
2621.519216,193,11317.963491
2825.450847,177,11325.481842
3508.665947,189,11333.053458
3177.823072,201,11341.263871
795.711915,333,11352.691239
4977.328756,210,11360.33035
3010.862805,216,11371.622881
4038.735346,163,11375.568152
5292.002709,207,11383.18338
4721.889968,290,11394.496106
6000.049887,197,11402.046724
2690.32535,246,11414.294121
6653.068561,286,11422.037174
5015.756277,226,11433.218863
1477.100154,150,11437.170368
5108.040512,177,11444.730789
4393.706181,191,11452.239337
4101.538856,171,11459.760005
3530.32356,183,11463.74981
3061.718319,162,11471.294754
1567.770415,177,11478.753897
3915.136245,185,11486.392867
7178.12177,291,11498.916029
6348.673383,267,11506.651847
4242.320398,179,11514.155523
5347.940168,191,11521.703111
4920.368581,278,11532.988462
1495.965048,137,11536.891473
4339.406685,219,11544.561379
5951.094321,238,11555.814345
3242.291436,241,11563.356371
3275.499277,185,11571.983663
3576.350188,160,11579.431028
4001.070018,153,11583.309505
3395.547797,261,11594.323019
7167.239616,235,11601.926952
3374.155044,196,11609.393952
10030.643401,300,11620.594814
4329.997663,177,11627.961284
5366.976144,255,11635.46674
2712.026702,188,11644.196987
4223.935109,215,11651.691284
4911.437474,236,11662.618637
4323.11545,202,11670.257923
6495.033355,202,11677.806409
4310.002586,198,11685.328781
5104.071916,380,11700.388526
2466.068702,243,11708.014294
3670.108853,233,11715.752851
5994.551287,199,11724.307761
5201.598018,260,11735.44726
6261.882567,224,11742.975378
5765.085771,184,11750.478743
5912.695179,227,11758.054699
3260.184086,196,11765.653813
5875.510621,195,11773.193959
2693.025519,185,11780.620463
9546.756279,244,11788.219324
10537.985399,251,11800.089545
4544.663414,213,11807.737976
4822.873942,178,11815.259199
8423.464315,265,11822.93564
2864.063184,182,11830.457654
5376.269428,202,11838.028148
4521.521128,204,11845.615688
3438.519486,237,11856.892636
4746.844666,194,11864.457082
3839.570794,220,11873.279903
8020.379458,225,11880.886471
2956.859141,209,11888.509134
8550.321356,241,11899.662338
3347.887387,160,11903.563851
6428.852957,222,11911.098176
1498.833122,201,11918.715468
2907.974058,203,11926.357192
3047.257727,231,11937.649074
3466.937788,165,11941.587907
4363.747791,193,11949.954732
1946.82347,146,11957.358884
7118.599074,235,11964.89771
1917.595984,122,11968.697141
4622.71327,244,11979.856401
5689.014533,194,11987.307278
6414.658276,212,11994.780066
2702.019289,192,12002.291527
1941.678408,197,12009.831386
1894.839465,168,12013.747419
7652.534665,244,12026.226279
3452.031521,181,12033.692197
3629.223107,209,12041.194734
3585.390087,201,12048.757371
2592.746973,269,12059.98904
4616.853556,217,12067.591301
3824.058987,242,12075.291309
1559.503817,133,12079.176049
3063.723377,231,12090.457962
6853.187598,209,12098.083891
4497.979875,231,12106.443275
8819.198665,237,12117.581318
3655.487188,150,12121.472353
3549.572836,148,12128.958742
3578.862884,158,12132.924077
4267.345593,205,12140.568509
9101.397591,223,12148.156126
3547.29552,236,12159.304979
2901.680773,204,12166.88116
3507.510494,187,12174.472161
5035.729675,270,12183.105982
2247.062936,127,12190.518072
6486.564188,219,12198.167599
1634.107577,185,12205.678069
2853.998167,199,12213.329972
1279.210623,165,12217.280697
2733.615087,195,12224.887376
2797.44738,169,12232.457399
3803.81558,140,12236.349982
5773.717988,215,12244.010471
2276.586429,192,12251.727364
8101.049474,268,12264.320615
3065.132542,199,12272.02183
3788.447629,181,12279.597268
4502.326985,211,12287.257672
4644.70423,188,12294.874979
3689.190751,209,12302.416123
8804.591932,249,12310.044976
6211.352842,211,12321.119534
3988.744974,195,12328.540717
2631.339377,171,12333.683723
4388.23609,160,12341.08077
4133.117932,169,12348.535048
5807.167865,209,12356.145626
5968.32962,224,12363.700139
2404.78316,149,12367.5541
3282.065874,191,12375.026862
3585.692052,160,12382.388691
3118.454634,188,12389.792563
5981.75346,338,12401.131768
6804.547421,221,12409.874744
4523.042857,180,12417.302694
1635.724602,222,12424.882619
2166.755891,185,12432.371268
1418.777351,176,12439.870572
-868.847866,288,12451.152858
4945.062825,206,12458.683551
2939.051676,186,12466.204246
2975.711872,161,12470.099005
3876.123478,192,12477.633742
3941.472171,173,12485.966634
4000.561407,190,12493.473074
3308.826664,259,12501.495276
2503.25356,190,12509.181942
3885.148827,181,12516.984106
8711.778835,246,12528.481064
3824.119708,173,12532.457937
2614.922492,305,12544.10914
5995.725986,217,12555.353382
7412.238498,251,12564.211413
3196.044413,168,12571.696225
0,1,12571.702754
7518.008442,246,12579.463757
7291.644233,278,12590.817261
4437.192304,174,12598.383781
8025.399181,215,12606.07616
5849.818485,271,12617.4295
6197.944864,191,12624.983804
4350.360144,184,12629.026704
8777.352218,225,12641.456305
575.684007,99,12645.278872
7543.852632,221,12652.977309
4650.149285,203,12660.612554
2421.958488,174,12668.220517
5150.780924,184,12672.286313
10879.697849,249,12683.678913
5157.139041,192,12691.349782
5316.615279,183,12698.979995
4869.617477,180,12702.939199
8606.437858,243,12714.273367
3250.541115,219,12723.041627
3259.483181,229,12730.656709
3601.11908,186,12738.312536
4466.612772,189,12746.134041
6263.293895,204,12753.79088
4378.928968,153,12761.368121
4119.930793,160,12765.361501
4910.318818,165,12772.988697
4571.508846,204,12780.637012
3828.837265,176,12788.248783
4094.723305,221,12797.224447
4992.694821,204,12804.896395
4434.406177,217,12812.645105
3148.586528,195,12820.386358
4276.741874,156,12828.000617
3285.833039,189,12835.673618
4456.347365,183,12839.716034
5371.651267,216,12851.156765
4389.278558,237,12858.998125
5067.390141,191,12866.697329
4987.844075,212,12875.6587
3291.352791,195,12883.377372
3639.225079,176,12890.976845
4148.511554,166,12894.995972
4505.366656,310,12906.595079
2612.844475,195,12914.354887
3754.283077,179,12922.015166
3535.030368,196,12929.714638
4252.097532,192,12937.423596
4749.772814,229,12945.114196
4515.196179,166,12953.940655
4451.094627,195,12961.510335
8753.854395,242,12969.273101
7065.748536,361,12984.522174
5592.411104,276,12996.038713
3085.653159,222,13003.835235
2955.420952,166,13011.471413
3706.008575,204,13019.214958
3899.538549,219,13027.014328
4136.236539,255,13036.069788
7135.466659,219,13047.475028
3119.392204,191,13055.190607
2932.20521,199,13062.941267
4958.641955,216,13070.649344
6071.618601,202,13078.434005
3407.49689,249,13086.266985
3159.680669,163,13093.942176
8892.188284,277,13105.519216
3834.859962,180,13110.876956
3016.842819,193,13118.597515
4145.020752,167,13126.282769
8067.213558,222,13134.065372
4213.355777,379,13150.085295
3348.92483,185,13157.680923
7205.092744,210,13165.338506
5630.218598,214,13173.072584
2083.264777,556,13197.135213
5085.516337,183,13201.139399
4803.238138,165,13208.712466
4081.5162,178,13216.372205
2628.6269,204,13224.036241
3081.215011,247,13231.809878
4158.586008,200,13239.436042
6089.413294,186,13247.11218
4282.314558,173,13254.720077
5409.278887,205,13262.372551
3041.602375,147,13270.708048
3679.389017,207,13278.372748
3512.315184,163,13282.287966
3990.062679,153,13289.763369
5021.174332,206,13297.354519
3855.574158,228,13304.945891
5087.793488,206,13312.54085
3297.930948,270,13324.092325
-834.210391,453,13339.544938
3676.5659,168,13348.302211
2406.785181,233,13356.083267
7961.301984,207,13363.690738
6126.42805,188,13371.249247
3913.683362,175,13378.918535
3766.494077,205,13386.635799
2817.645907,179,13394.282239
10663.762443,268,13405.727978
3410.504759,155,13409.705475
2759.010938,226,13417.443406
4774.699172,237,13430.124156
141.635409,53,13430.253239
9648.030515,237,13441.649321
4622.320806,204,13449.403345
1860.665977,175,13453.409813
5295.500558,209,13464.713182
3759.062,137,13468.717926
3956.932058,251,13476.486388
4830.797668,194,13484.179426
4730.660205,199,13491.886413
3828.606976,180,13500.882739
7503.76852,211,13508.604822
3469.70132,189,13516.234302
7292.052529,197,13523.969504
3296.689772,213,13531.713932
7105.376142,194,13539.389691
2192.301414,204,13547.136763
6034.388659,194,13554.923848
2865.04714,165,13562.533646
3645.13398,185,13570.191084
2604.044201,209,13578.674091
2047.660184,128,13582.577921
2937.495611,222,13590.322199
3882.565726,151,13597.857584
4112.202334,178,13605.492685
4823.449058,180,13609.525287
548.243844,87,13613.338707
4539.752397,181,13620.975909
2934.377186,215,13628.731561
2688.7819,145,13636.315146
2878.05231,200,13643.997561
4941.444533,250,13651.847414
5606.882023,215,13660.645363
2467.311588,213,13668.375927
3583.980964,194,13675.95319
4089.629036,145,13683.549507
5472.843607,232,13691.308516
4181.264283,182,13698.990578
4622.591303,147,13702.994591
4277.354301,264,13714.489158
3774.271959,184,13722.194614
4302.236155,166,13729.801088
4381.529511,173,13735.074399
4317.290607,187,13742.665932
3959.364741,183,13750.295419
4617.932262,195,13757.978417
5707.817146,264,13769.419647
5460.58058,251,13777.205739
4432.000823,177,13784.71761
3667.830614,172,13792.351344
3099.960236,168,13796.378348
5034.177523,163,13804.025388
3476.570346,163,13812.892157
3218.811321,191,13816.961134
6148.656625,218,13828.299309
3805.80615,191,13836.0036
5226.257064,185,13840.059842
3008.731377,161,13847.752603
4034.053775,172,13855.286325
-2829.906824,313,13866.899271
8858.315613,263,13874.636163
3916.781237,169,13882.192018
5672.92674,241,13894.788486
3854.129617,210,13902.45665
3000.633498,166,13906.466428
4282.646431,199,13914.139554
4859.156748,217,13925.460993
3810.420228,171,13929.4738
484.744128,303,13940.884362
7888.470262,243,13952.281966
4979.588813,155,13956.224136
7656.653324,245,13968.927378
3914.734014,189,13976.662128
3512.323294,214,13984.42904
3290.304906,168,13988.490415
8010.649934,218,13999.848663
4833.850228,268,14007.742525
3402.656991,187,14015.372749
6914.498347,216,14023.086775
4321.444351,173,14030.696729
4552.038786,158,14038.393963
7168.375298,211,14047.510026
3662.12465,248,14055.350471
3816.189083,155,14062.967195
3821.212599,193,14070.667713
5014.950016,195,14078.395491
3517.729699,151,14082.391468
4996.696514,181,14090.000041
2557.600899,179,14097.695582
4207.074742,193,14105.419422
2435.193676,149,14109.389255
3568.611219,209,14117.102635
2877.108254,165,14125.976818
3720.487085,177,14133.637164
4263.254489,189,14141.257416
8376.454326,244,14149.071471
7298.856455,345,14160.668628
3756.470534,168,14168.293791
2139.999561,186,14175.940963
-6318.331059,419,14191.381136
892.517238,513,14211.5084
4337.79702,247,14223.007105
3793.557623,181,14230.695153
711.33065,129,14234.696586
4820.299328,217,14242.4158
7705.4588,235,14250.23456
4340.638532,219,14261.618972
3495.76921,196,14269.409252
4909.998149,198,14277.179781
1455.099111,244,14286.239665
9632.171112,251,14294.059224
5153.588857,309,14309.324739
6479.27921,197,14317.094534
8688.533411,316,14328.750625
4309.738786,247,14336.578069
7366.337016,245,14348.047127
6810.212032,226,14355.879222
2471.662335,215,14364.445879
3383.155271,159,14372.033867
2438.322182,213,14379.785117
3395.466475,182,14387.390216
3787.284884,158,14391.330173
4481.779139,193,14398.94848
5262.678693,200,14406.661006
2925.300593,141,14410.650448
2408.837603,211,14421.990377
3123.083826,169,14426.010498
6084.729953,254,14438.426295
5935.276725,211,14446.170965
3693.820278,150,14450.154115
4807.396733,160,14457.780927
4938.153282,218,14465.46478
3145.585922,187,14473.164946
3967.620111,186,14480.850636
3292.768724,182,14488.609752
4470.440111,194,14496.295846
6997.953318,247,14504.209905
3604.40305,192,14511.99768
6937.647269,210,14521.092786
3630.328646,165,14528.759909
2560.942822,167,14532.800133
1591.498088,114,14540.331424
3775.288097,176,14544.342353
3386.25063,162,14552.049443
4272.441885,227,14559.86585
3648.787171,176,14567.514947
2891.746386,175,14575.123788
3479.050325,185,14582.744188
4755.270015,173,14586.809922
4381.638735,159,14595.784656
6054.092623,199,14603.661983
2150.552475,155,14611.285123
4474.438278,248,14619.197001
4685.578017,261,14630.78477
5430.557698,192,14638.501296
4261.790574,185,14642.588846
3768.002999,191,14650.225485
3439.582653,173,14657.826803
3919.463626,347,14669.626942
3871.282331,199,14678.630468
3435.654724,182,14686.280864
6981.579013,294,14697.873639
687.370657,200,14705.548005
8159.015596,269,14716.977057
1803.268846,202,14724.719633
3535.382688,185,14732.413572
4930.886552,301,14744.084055
6422.191607,203,14753.066175
3350.139626,160,14757.0319
3752.042677,181,14764.820727
9137.163496,251,14776.356856
2973.708205,218,14784.125491
4550.409356,169,14791.859071
4444.108441,219,14799.679676
5488.177633,223,14807.506226
2449.904642,157,14815.144115
6120.856588,174,14819.189057
6638.894597,233,14831.605498
3638.622917,170,14835.673353
4360.011106,224,14847.09544
2193.412902,255,14854.975497
5788.306274,189,14862.729215
4113.040087,188,14870.402329
4418.180691,206,14878.177406
4141.532397,193,14885.935663
3272.633952,148,14889.961758
3889.061646,189,14897.707382
3913.198069,181,14905.679895
3922.34249,207,14915.128308
3741.943248,182,14922.961618
5487.379805,212,14930.865618
9380.8847,285,14942.602691
3876.278506,168,14950.394498
7257.876992,231,14958.354922
9098.802641,225,14966.289406
5886.020158,213,14974.196003
3210.63741,167,14981.920796
4314.399997,220,14991.041947
4049.834341,194,14998.832434
3770.711022,180,15006.642257
3923.523805,188,15014.511269
7537.074281,221,15022.450372
2719.613064,163,15030.160306
6669.478362,268,15038.147403
4582.068885,160,15045.88776
4108.382388,162,15053.617819
3124.683379,158,15057.721844
3853.40196,181,15065.518866
3575.21944,198,15074.775058
3847.24634,169,15082.767269
8590.435999,240,15090.790716
3365.190373,174,15098.68243
5127.50559,157,15102.774319
2353.813189,116,15106.729291
3772.995969,158,15114.507565
3860.909332,176,15122.464277
5330.331119,213,15130.490186
6342.975128,236,15138.97644
4836.678769,203,15146.916976
2656.403779,140,15156.244875
3785.138754,164,15160.472022
